INSERT INTO USERS (USER_ID, BIRTH_DATE, EMAIL, NAME, PASSWORD) VALUES('aaa', '2023-05-11', '1@1.com', 'kim', 1);
INSERT INTO CAFE (CAFE_ID, INFO, MILEAGE_RATE, NAME) VALUES(100, 'hello', 0,'cafe1');
INSERT INTO CAFE (CAFE_ID, INFO, MILEAGE_RATE, NAME) VALUES(101, 'hello', 0,'myName');
INSERT INTO GRADE (GRADE_ID, CAFE_PERMISSION, CATEGORY_PERMISSION, NAME, POST_PERMISSION, CAFE_ID) VALUES (101, 1, 1, 'normal', 1, 101);
INSERT INTO GRADE (GRADE_ID, CAFE_PERMISSION, CATEGORY_PERMISSION, NAME, POST_PERMISSION, CAFE_ID) VALUES (102, 0, 0, 'manager', 0, 101);
INSERT INTO MEMBER (MEMBER_ID, MILEAGE, NICKNAME, CAFE_ID, GRADE_ID, USER_ID) VALUES (101, 0, 'myName', 101, 102, 'aaa');
INSERT INTO CATEGORY (MEMBER_ID, NAME, STATUS, TOTAL, CAFE_ID) VALUES(101, 'category1', null, 0, 101);
INSERT INTO CATEGORY (MEMBER_ID, NAME, STATUS, TOTAL, CAFE_ID) VALUES(102, 'category2', null, 0, 101);
INSERT INTO POST (POST_ID, CONTENT, DATE_TIME, TITLE, VIEW_COUNT, WRITER, CAFE_ID, CATEGORY_ID, USER_ID) VALUES(100, 1111, now(), 'POST1', 0, 'myName', 101, 101, 'aaa');
INSERT INTO POST (POST_ID, CONTENT, DATE_TIME, TITLE, VIEW_COUNT, WRITER, CAFE_ID, CATEGORY_ID, USER_ID) VALUES(101, 2222, now(), 'POST2', 0, 'myName', 101, 102, 'aaa');
INSERT INTO POST (POST_ID, CONTENT, DATE_TIME, TITLE, VIEW_COUNT, WRITER, CAFE_ID, CATEGORY_ID, USER_ID) VALUES(103, 2222, now(), 'POST2', 0, 'myName', 101, 102, 'aaa');
INSERT INTO POST (POST_ID, CONTENT, DATE_TIME, TITLE, VIEW_COUNT, WRITER, CAFE_ID, CATEGORY_ID, USER_ID) VALUES(104, 2222, now(), 'POST2', 0, 'myName', 101, 102, 'aaa');
INSERT INTO POST (POST_ID, CONTENT, DATE_TIME, TITLE, VIEW_COUNT, WRITER, CAFE_ID, CATEGORY_ID, USER_ID) VALUES(105, 2222, now(), 'POST2', 0, 'myName', 101, 102, 'aaa');
INSERT INTO POST (POST_ID, CONTENT, DATE_TIME, TITLE, VIEW_COUNT, WRITER, CAFE_ID, CATEGORY_ID, USER_ID) VALUES(106, 2222, now(), 'POST2', 0, 'myName', 101, 102, 'aaa');
INSERT INTO POST (POST_ID, CONTENT, DATE_TIME, TITLE, VIEW_COUNT, WRITER, CAFE_ID, CATEGORY_ID, USER_ID) VALUES(107, 2222, now(), 'POST2', 0, 'myName', 101, 102, 'aaa');
INSERT INTO POST (POST_ID, CONTENT, DATE_TIME, TITLE, VIEW_COUNT, WRITER, CAFE_ID, CATEGORY_ID, USER_ID) VALUES(108, 2222, now(), 'POST2', 0, 'myName', 101, 102, 'aaa');
INSERT INTO POST (POST_ID, CONTENT, DATE_TIME, TITLE, VIEW_COUNT, WRITER, CAFE_ID, CATEGORY_ID, USER_ID) VALUES(109, 2222, now(), 'POST2', 0, 'myName', 101, 102, 'aaa');
INSERT INTO POST (POST_ID, CONTENT, DATE_TIME, TITLE, VIEW_COUNT, WRITER, CAFE_ID, CATEGORY_ID, USER_ID) VALUES(110, 2222, now(), 'POST2', 0, 'myName', 101, 102, 'aaa');
INSERT INTO POST (POST_ID, CONTENT, DATE_TIME, TITLE, VIEW_COUNT, WRITER, CAFE_ID, CATEGORY_ID, USER_ID) VALUES(111, 2222, now(), 'POST2', 0, 'myName', 101, 102, 'aaa');
INSERT INTO POST (POST_ID, CONTENT, DATE_TIME, TITLE, VIEW_COUNT, WRITER, CAFE_ID, CATEGORY_ID, USER_ID) VALUES(112, 2222, now(), 'POST2', 0, 'myName', 101, 102, 'aaa');
INSERT INTO POST (POST_ID, CONTENT, DATE_TIME, TITLE, VIEW_COUNT, WRITER, CAFE_ID, CATEGORY_ID, USER_ID) VALUES(113, 2222, now(), 'POST2', 0, 'myName', 101, 102, 'aaa');
INSERT INTO POST (POST_ID, CONTENT, DATE_TIME, TITLE, VIEW_COUNT, WRITER, CAFE_ID, CATEGORY_ID, USER_ID) VALUES(114, 2222, now(), 'POST2', 0, 'myName', 101, 102, 'aaa');
INSERT INTO POST (POST_ID, CONTENT, DATE_TIME, TITLE, VIEW_COUNT, WRITER, CAFE_ID, CATEGORY_ID, USER_ID) VALUES(115, 2222, now(), 'POST2', 0, 'myName', 101, 102, 'aaa');
INSERT INTO POST (POST_ID, CONTENT, DATE_TIME, TITLE, VIEW_COUNT, WRITER, CAFE_ID, CATEGORY_ID, USER_ID) VALUES(116, 2222, now(), 'POST2', 0, 'myName', 101, 102, 'aaa');
INSERT INTO POST (POST_ID, CONTENT, DATE_TIME, TITLE, VIEW_COUNT, WRITER, CAFE_ID, CATEGORY_ID, USER_ID) VALUES(117, 2222, now(), 'POST2', 0, 'myName', 101, 102, 'aaa');
INSERT INTO POST (POST_ID, CONTENT, DATE_TIME, TITLE, VIEW_COUNT, WRITER, CAFE_ID, CATEGORY_ID, USER_ID) VALUES(118, 2222, now(), 'POST2', 0, 'myName', 101, 102, 'aaa');
INSERT INTO POST (POST_ID, CONTENT, DATE_TIME, TITLE, VIEW_COUNT, WRITER, CAFE_ID, CATEGORY_ID, USER_ID) VALUES(119, 2222, now(), 'POST2', 0, 'myName', 101, 102, 'aaa');
INSERT INTO POST (POST_ID, CONTENT, DATE_TIME, TITLE, VIEW_COUNT, WRITER, CAFE_ID, CATEGORY_ID, USER_ID) VALUES(120, 2222, now(), 'POST2', 0, 'myName', 101, 102, 'aaa');